participant_id	city	age	email
315	Ottawa	77	CF5OUCUM@gmail.com
552	Gatineau	72	BP4UURCT@gmail.com
899	Montreal	76	E7EVFEL4@gmail.com
142	Toronto	67	6G72MHCM@gmail.com
978	Hamilton	74	3M8K6GTF@gmail.com
532	Montreal	70	J99E10JQ@gmail.com
421	Gatineau	66	IV9J51FV@gmail.com
885	Hamilton	71	6JXGB7P2@gmail.com
64	Ottawa	77	PBAHIU3Y@gmail.com
588	Quebec	77	PGDOA17Z@gmail.com
985	Hamilton	69	FK7PPGTP@gmail.com
555	Toronto	73	RVVP83BA@gmail.com
995	Ottawa	67	P3W9PL9S@gmail.com
994	Hamilton	76	B8ZACSKX@gmail.com
882	Montreal	66	RV5B1IZ5@gmail.com
14	Gatineau	76	0Q9655E3@gmail.com
742	Hamilton	65	1VMKOAUO@gmail.com
270	Toronto	71	S0XV4QID@gmail.com
381	Hamilton	68	6UPGW4QX@gmail.com
859	Quebec	78	03OKN141@gmail.com
387	Toronto	77	6YP7YZ6R@gmail.com
314	Toronto	67	S94OGAP3@gmail.com
376	Toronto	74	9TANDMLC@gmail.com
964	Ottawa	66	0CA70TSM@gmail.com
940	Hamilton	74	X9U9MSIE@gmail.com
456	Gatineau	72	PUI4SUJA@gmail.com
349	Toronto	69	1PDHATJ3@gmail.com
180	Gatineau	76	ABXK5HGR@gmail.com
143	Montreal	65	6QRB39IF@gmail.com
835	Gatineau	66	4VYLXKGW@gmail.com
224	Quebec	72	R1RQ2V2B@gmail.com
700	Hamilton	78	DWXNIZ4P@gmail.com
549	Quebec	65	5O4X2UMJ@gmail.com
522	Hamilton	78	U2SADRM1@gmail.com
431	Gatineau	73	6PRXQJ3L@gmail.com
509	Hamilton	74	ML8Y1J7Y@gmail.com
954	Ottawa	73	J23AUM6I@gmail.com
80	Toronto	66	67XSWP0W@gmail.com
367	London	65	BJN7CPQM@gmail.com
970	Toronto	72	UKOR6BOQ@gmail.com
796	Toronto	67	J653DAAH@gmail.com
243	Ottawa	73	VF8KJOUD@gmail.com
358	Toronto	72	P1UR7TP7@gmail.com
924	Gatineau	73	UYYVT7JO@gmail.com
655	Ottawa	67	UDG6NX70@gmail.com
281	Gatineau	76	CGWLSAD9@gmail.com
845	Hamilton	70	O4CITU03@gmail.com
550	Gatineau	77	PT9FAQR0@gmail.com
653	Quebec	71	ST40MNW1@gmail.com
212	Toronto	75	1HNQH5MD@gmail.com
322	Ottawa	77	96LFUDQB@gmail.com
712	Ottawa	70	BAFT85KN@gmail.com
489	Ottawa	77	3GRCNO4X@gmail.com
114	Ottawa	74	RXAOSUQR@gmail.com
110	Montreal	70	GO578TH6@gmail.com
47	London	76	HPT166O3@gmail.com
891	London	71	G5USVTOP@gmail.com
744	Montreal	75	75RGCX5Z@gmail.com
711	Gatineau	71	WVZZTAF0@gmail.com
32	Quebec	73	US65K1K6@gmail.com
492	Ottawa	66	5FUW8I54@gmail.com
59	Hamilton	69	T79M4HC2@gmail.com
217	Hamilton	73	7KJKRJRQ@gmail.com
999	Gatineau	69	6F1KXLRT@gmail.com
83	Hamilton	71	RRMPUZPO@gmail.com
22	Hamilton	69	4UJZVW7V@gmail.com
453	Quebec	68	JBYI6JGR@gmail.com
241	Hamilton	73	XA9NOOB9@gmail.com
847	Toronto	77	6PHOYP6Y@gmail.com
296	Gatineau	72	31FWXCHQ@gmail.com
175	Gatineau	74	X3TUL657@gmail.com
204	Toronto	67	IJO7R1BT@gmail.com
585	Toronto	65	WL6F9BTD@gmail.com
95	Toronto	75	KE68JBGT@gmail.com
502	Quebec	75	PERL36R0@gmail.com
984	Ottawa	75	879NASY1@gmail.com
735	Ottawa	72	PB227JW2@gmail.com
513	London	72	0EJ6AMUN@gmail.com
720	Montreal	74	OT61RAUR@gmail.com
447	Toronto	66	UPH9QLWS@gmail.com
276	Quebec	77	WGD8BU6D@gmail.com
87	Hamilton	74	FDRJ5V5J@gmail.com
624	London	74	73AMJPO6@gmail.com
625	Montreal	68	MYTL80R6@gmail.com
658	Montreal	74	TCVMX7QF@gmail.com
512	Hamilton	71	16PK7VZL@gmail.com
510	Ottawa	65	B0S9LORV@gmail.com
498	Ottawa	72	4I0993Q3@gmail.com
702	London	65	QFUOCSNH@gmail.com
35	Ottawa	68	8Z4ANG1R@gmail.com
745	London	73	YBPJNX4C@gmail.com
11	Hamilton	65	GTEF050I@gmail.com
468	Gatineau	77	N34AKKP0@gmail.com
222	London	76	X701GVY6@gmail.com
203	Montreal	78	9THMOZ8W@gmail.com
706	London	66	IPNLOG6D@gmail.com
560	Ottawa	68	GQHZNWJ6@gmail.com
953	Montreal	74	GBP68TSW@gmail.com
166	Toronto	65	5OBVEFPH@gmail.com
640	Gatineau	75	2HDJRMC8@gmail.com
413	Ottawa	72	1TVE4UHY@gmail.com
920	Gatineau	70	CPMS4DZ8@gmail.com
13	Ottawa	69	Q12PEBEO@gmail.com
906	Gatineau	74	O9C4A07D@gmail.com
853	Toronto	66	J00JSYPK@gmail.com
793	Ottawa	66	CRWCCQZZ@gmail.com
613	Montreal	71	UIBDHTQ0@gmail.com
77	Quebec	67	GKJJ2FMH@gmail.com
27	Gatineau	69	V2CZB1MZ@gmail.com
242	Ottawa	76	ICA8FZZT@gmail.com
739	Toronto	75	8Q15II9U@gmail.com
65	Hamilton	69	7XC73CE7@gmail.com
452	Montreal	65	G4VIDFJL@gmail.com
913	London	72	GM0UCCH8@gmail.com
764	Ottawa	71	93PM8CRF@gmail.com
668	Hamilton	76	HV2O9EGV@gmail.com
962	London	73	BMDXL2FY@gmail.com
539	Quebec	73	UVRZ7J6X@gmail.com
752	Gatineau	73	PKUX2J1Z@gmail.com
282	Gatineau	78	16OXZEJA@gmail.com
515	London	69	5FG6TPW2@gmail.com
402	Gatineau	69	RQS5C18Z@gmail.com
360	Toronto	69	UNTD1866@gmail.com
141	Quebec	68	MB5DIYI4@gmail.com
681	Montreal	73	HIBI4TP4@gmail.com
192	Ottawa	75	N0F1SUL2@gmail.com
401	Hamilton	66	MPR2BAJ0@gmail.com
343	London	70	7A9VTZ0C@gmail.com
335	Gatineau	65	YZ3EM35U@gmail.com
200	Gatineau	72	VFD5P9ZW@gmail.com
915	Ottawa	76	0SU8WN39@gmail.com
810	Montreal	78	NQQ242S2@gmail.com
8	Hamilton	68	5VQ8H453@gmail.com
372	London	66	YJQ5GBPC@gmail.com
57	Ottawa	68	V3YVJMFM@gmail.com
352	Montreal	67	3ZRTSKOC@gmail.com
294	Quebec	76	2QD2M92H@gmail.com
283	Toronto	74	YN9VQ1EM@gmail.com
147	Ottawa	77	513IVVO0@gmail.com
535	Gatineau	78	458CQRX7@gmail.com
182	Toronto	71	E2B6BUEX@gmail.com
569	Quebec	73	EHHL8EQN@gmail.com
7	London	68	N8YC3QHS@gmail.com
572	Quebec	67	FMQ11MK4@gmail.com
777	Montreal	68	J05M2VZB@gmail.com
301	Montreal	73	LETLC0IJ@gmail.com
393	London	76	472HDRCR@gmail.com
717	Montreal	76	74W7WCVC@gmail.com
339	Hamilton	72	027TAHUR@gmail.com
155	Gatineau	73	IDNGHYYN@gmail.com
937	Hamilton	77	4IKG3GEL@gmail.com
677	Toronto	71	ED9TRG3Q@gmail.com
153	Hamilton	76	Q6BNPZV9@gmail.com
822	Gatineau	78	6SMEXI54@gmail.com
295	Toronto	76	LJUPL90G@gmail.com
459	Hamilton	70	MT3MEHW0@gmail.com
54	Gatineau	71	3OCI3TSA@gmail.com
559	Gatineau	65	WHKQ4A9F@gmail.com
650	Quebec	70	1I6U3BSL@gmail.com
955	Toronto	66	FPTRALVR@gmail.com
460	Ottawa	78	KC8X8F3B@gmail.com
856	Gatineau	75	Z5ICR00Q@gmail.com
398	Ottawa	77	IB2ZYY00@gmail.com
214	Gatineau	71	L7Y36ILS@gmail.com
51	Gatineau	78	O473LA4J@gmail.com
400	Gatineau	67	G5OU4BHF@gmail.com
40	Gatineau	75	7HQFIRHD@gmail.com
803	Ottawa	76	RMZNILIN@gmail.com
336	Gatineau	78	W5DAR5UN@gmail.com
993	Gatineau	69	9UBYRHWV@gmail.com
907	Hamilton	67	RTSG8U50@gmail.com
836	Gatineau	76	GVLWWY9N@gmail.com
399	Toronto	78	V1A8BGSA@gmail.com
310	Hamilton	70	M8Q04E3B@gmail.com
163	Hamilton	72	RYAEJ2NQ@gmail.com
494	Montreal	77	NGSFZ6TK@gmail.com
972	Ottawa	66	NYDWDUEK@gmail.com
531	Gatineau	70	X2ADZRPK@gmail.com
124	London	71	Z9FDVKJ4@gmail.com
375	Gatineau	71	V4K95DVH@gmail.com
930	Toronto	72	C7QWA2FH@gmail.com
21	Hamilton	71	UWJRQXW7@gmail.com
627	Quebec	68	R5SL6OCV@gmail.com
220	Hamilton	67	B47MCEXH@gmail.com
901	London	72	ABWJ1Q0N@gmail.com
49	Gatineau	71	K49YRVQ3@gmail.com
643	Montreal	77	Z7501EV1@gmail.com
686	Montreal	70	623BOA34@gmail.com
76	Hamilton	67	LJ41BJNU@gmail.com
827	Gatineau	66	AGVUAX2J@gmail.com
139	Gatineau	69	SR1OGDPV@gmail.com
298	Quebec	72	F93TDFG5@gmail.com
351	Ottawa	71	9E6IHSIN@gmail.com
676	Gatineau	70	A4AJC58K@gmail.com
265	Quebec	77	LO21R84P@gmail.com
159	London	76	DVH8Z6KO@gmail.com
570	Toronto	72	KR1Q700K@gmail.com
609	Toronto	70	7CG7V4CZ@gmail.com
504	Gatineau	69	U3GS393C@gmail.com
331	Hamilton	66	9J0LB8OT@gmail.com
633	Ottawa	69	Q87EAV7A@gmail.com
631	London	68	V2331RFU@gmail.com
429	Montreal	76	YUL70PKE@gmail.com
851	Montreal	74	N82OKEK8@gmail.com
131	Ottawa	70	U4NA2YLL@gmail.com
839	Ottawa	74	R68WFTL0@gmail.com
319	Montreal	76	MVMP7I5X@gmail.com
146	London	76	W40VOE8G@gmail.com
958	Ottawa	78	3XAJXRNL@gmail.com
277	Quebec	69	VTQ7TLI8@gmail.com
37	Hamilton	76	N8PMTORR@gmail.com
174	Montreal	68	OA5SWIPJ@gmail.com
780	Hamilton	67	16A8HQR5@gmail.com
730	Toronto	77	XI9N5ID2@gmail.com
334	Ottawa	66	Q4T5EDFD@gmail.com
325	Hamilton	71	ZIBQ0ECO@gmail.com
554	Quebec	74	A0X8O4S9@gmail.com
756	London	70	V2M3ATJL@gmail.com
841	London	78	M1R3U5XF@gmail.com
201	Montreal	77	04A7PNC3@gmail.com
348	Toronto	66	LCAW9Q75@gmail.com
595	Quebec	70	TSL3ABPG@gmail.com
986	Quebec	77	3CJ679XK@gmail.com
858	Quebec	77	ELFT7ZKT@gmail.com
499	Hamilton	71	HRCMBI5L@gmail.com
536	Gatineau	65	O9VXVO4J@gmail.com
728	Montreal	76	Y34I09G8@gmail.com
782	Hamilton	74	2DZA3SEA@gmail.com
693	Gatineau	75	0JXGHGMK@gmail.com
938	Quebec	65	JAE6PK47@gmail.com
313	Gatineau	66	S2R6358H@gmail.com
762	Quebec	70	J0X8G9MY@gmail.com
172	Hamilton	72	JZH0L0KJ@gmail.com
69	Toronto	74	FWJIQ2DJ@gmail.com
134	Toronto	66	RKALOJ3K@gmail.com
98	Montreal	71	FFZV6S4I@gmail.com
457	Toronto	78	7U7UEZB4@gmail.com
639	Gatineau	76	1WBUQFEI@gmail.com
333	Toronto	67	Z98ENXTN@gmail.com
732	Toronto	72	MOJKIATB@gmail.com
127	Ottawa	69	B4RKN6JD@gmail.com
817	London	71	2ISKDN00@gmail.com
122	Quebec	73	20EPQRWK@gmail.com
234	Hamilton	70	6LP1NKE0@gmail.com
917	Toronto	70	TCG5C1F7@gmail.com
505	Quebec	67	QJLW81NK@gmail.com
935	Hamilton	65	R96J90KB@gmail.com
713	Hamilton	67	2BCJC0FP@gmail.com
299	London	65	982FOLX1@gmail.com
594	Hamilton	74	QPCIYKOS@gmail.com
81	London	73	IOAAFLF7@gmail.com
855	Ottawa	74	Q4AK5M2O@gmail.com
238	Hamilton	76	M2ZDQ61Q@gmail.com
834	Gatineau	77	1RPC2LSO@gmail.com
821	Gatineau	67	G6H2F6ER@gmail.com
811	Hamilton	69	I56WW99M@gmail.com
475	Ottawa	75	PDHAPTYZ@gmail.com
264	Montreal	75	3IBX3I1A@gmail.com
82	Hamilton	73	NHU82B5U@gmail.com
70	Toronto	67	9QOEG0RC@gmail.com
808	Ottawa	77	PGIT4AJW@gmail.com
312	Ottawa	69	TBORR1C1@gmail.com
830	Hamilton	78	1ZG7CZBN@gmail.com
642	Quebec	74	SGJJIHDP@gmail.com
75	London	73	04B7V9PM@gmail.com
506	London	68	VM75CW0M@gmail.com
133	Montreal	77	VHVFQB56@gmail.com
979	Hamilton	74	B20VR6ON@gmail.com
846	Quebec	69	YUFT1Z22@gmail.com
208	Ottawa	67	G9EGRE4G@gmail.com
602	Montreal	77	K2PQZB5S@gmail.com
112	Gatineau	66	CXC8N6RN@gmail.com
547	Montreal	74	RL2NP7JK@gmail.com
424	Montreal	67	G66I63XZ@gmail.com
682	Hamilton	71	9MX2WS70@gmail.com
263	Ottawa	68	3CRGNT1N@gmail.com
854	Quebec	73	X4MNKEPJ@gmail.com
369	Quebec	67	TMRUX40N@gmail.com
410	Ottawa	77	9T95OYXW@gmail.com
759	Gatineau	71	6R6G7FAO@gmail.com
892	Toronto	71	14HXFZHD@gmail.com
524	Quebec	69	3B6X0JYV@gmail.com
374	Montreal	70	H8ENYVM2@gmail.com
763	Quebec	77	IV5ZWNHC@gmail.com
974	Ottawa	72	DTM3OAQY@gmail.com
167	London	77	DA5DRCHG@gmail.com
227	Gatineau	69	438Y6HK3@gmail.com
31	Hamilton	72	S8BU9QVJ@gmail.com
737	Ottawa	77	GD604048@gmail.com
736	Ottawa	65	X36S5I3N@gmail.com
660	Montreal	68	9R2JFDPV@gmail.com
221	London	73	9QMG4GQL@gmail.com
90	Quebec	70	X7TD18OG@gmail.com
271	Gatineau	68	I9N6WO29@gmail.com
482	Gatineau	66	B2HMZ3BT@gmail.com
493	Gatineau	66	F2FZFAY7@gmail.com
297	Ottawa	76	2ISC2F2Z@gmail.com
805	Hamilton	71	BTX75W10@gmail.com
597	Toronto	74	467U34R0@gmail.com
356	Montreal	68	9CUWAB39@gmail.com
407	Ottawa	71	KDOILKRN@gmail.com
140	Ottawa	71	R8038MVR@gmail.com
211	Montreal	77	I615O0AA@gmail.com
285	Ottawa	65	MQLYYAU4@gmail.com
257	Toronto	77	3U9D3WN3@gmail.com
444	Ottawa	75	M9OI6KOI@gmail.com
543	Montreal	74	WN1308SD@gmail.com
708	Quebec	75	Z1VZQ50W@gmail.com
244	Toronto	73	KRENUN9D@gmail.com
663	Gatineau	66	5NUWHK6N@gmail.com
798	London	77	ZPX7ZD6F@gmail.com
922	Hamilton	73	W3CU81MM@gmail.com
355	Gatineau	78	FO0VWZBO@gmail.com
828	Montreal	77	P11LCPCF@gmail.com
671	Gatineau	70	UKP1CBZ9@gmail.com
48	Hamilton	72	WB3DVYGR@gmail.com
876	London	74	F6WKBK0I@gmail.com
848	Toronto	72	LI1IMAJ0@gmail.com
346	Montreal	72	E9OJKZJO@gmail.com
329	Quebec	69	FN6H5G15@gmail.com
390	Toronto	71	BD6WXOLX@gmail.com
256	Montreal	76	FK034UTE@gmail.com
508	London	71	5DGK27W6@gmail.com
437	Montreal	75	BR318P6S@gmail.com
898	Ottawa	77	N9QCJG3D@gmail.com
417	Montreal	76	UM6Q4MOG@gmail.com
328	Toronto	73	4EWCBPFT@gmail.com
579	Montreal	73	5GL5JTLY@gmail.com
908	Ottawa	78	TJ1WLHH9@gmail.com
50	Montreal	78	6KAZM479@gmail.com
617	Ottawa	70	M3W0GF6M@gmail.com
4	Ottawa	70	1TBAACCA@gmail.com
900	Hamilton	72	H7UF53ZC@gmail.com
491	Toronto	68	QDC1FJIG@gmail.com
714	Gatineau	77	QI9674HP@gmail.com
408	Quebec	68	TPJ2OPFW@gmail.com
254	London	69	T829H7HR@gmail.com
768	Quebec	73	J51DBOSU@gmail.com
420	London	65	DFRALP89@gmail.com
357	Toronto	68	IE47LKSR@gmail.com
397	Montreal	78	W1NE3UOR@gmail.com
137	London	75	TBR2VW7B@gmail.com
12	Montreal	69	ZOXQ26UR@gmail.com
230	Quebec	74	J9D8JXJT@gmail.com
571	Toronto	72	1WZXPL5T@gmail.com
523	Montreal	68	790KX5VD@gmail.com
934	Hamilton	70	MHSH9FAM@gmail.com
207	Montreal	70	QSXDB5I9@gmail.com
138	Ottawa	76	VJYQ8EZX@gmail.com
85	Toronto	65	9PXJ2K41@gmail.com
699	Gatineau	71	9AVRYAUX@gmail.com
442	Gatineau	74	0GXWB2TV@gmail.com
55	London	69	D2E9RNJ5@gmail.com
584	Montreal	75	MGH01ILO@gmail.com
704	Hamilton	75	YDYQ0VL6@gmail.com
414	Ottawa	69	3XXI0TMA@gmail.com
169	Montreal	71	Z85WRD94@gmail.com
107	London	78	0SD2B86X@gmail.com
685	Quebec	70	NG806WQN@gmail.com
472	Quebec	69	K29USJBM@gmail.com
26	Gatineau	68	7U8PMSI7@gmail.com
43	Ottawa	73	JZFB6RQ5@gmail.com
364	Gatineau	68	UYFDKPBM@gmail.com
644	Ottawa	71	CDMZSO9A@gmail.com
29	Quebec	70	R2M0TR79@gmail.com
128	Ottawa	74	TS2514AS@gmail.com
434	London	75	DTP4JO1T@gmail.com
380	Ottawa	75	6HKJPNNB@gmail.com
766	Gatineau	74	U6KISVRD@gmail.com
218	Montreal	68	A4BORWRN@gmail.com
445	Gatineau	69	QY2VWXM3@gmail.com
667	Hamilton	71	LWV5NGCT@gmail.com
951	Ottawa	67	HGJKKB5Z@gmail.com
873	Montreal	65	M9AHNA24@gmail.com
308	Toronto	78	G1P6L24I@gmail.com
250	London	67	9MQRPD4S@gmail.com
103	Gatineau	71	QHPTOBUT@gmail.com
473	Gatineau	76	4AZGF8PO@gmail.com
977	Toronto	69	OGM4V2EV@gmail.com
773	Toronto	69	60KPCQZ5@gmail.com
116	Hamilton	73	QCG121F4@gmail.com
160	Montreal	69	BBIEATVK@gmail.com
675	Toronto	73	2LFTS7WP@gmail.com
911	Quebec	75	RSMPDMS0@gmail.com
248	London	70	FIZU8EL9@gmail.com
942	Gatineau	67	UW9OG9VA@gmail.com
157	Montreal	72	TUBADUD9@gmail.com
983	Montreal	72	LJPJQCKS@gmail.com
696	Montreal	65	H51VJEU1@gmail.com
692	Quebec	72	N307N9EG@gmail.com
6	Toronto	67	E69HG3TP@gmail.com
741	Quebec	70	GVEZB2B3@gmail.com
533	Quebec	69	SY87EWC5@gmail.com
944	Quebec	74	JA1JFOTL@gmail.com
604	Hamilton	72	DJNRXL17@gmail.com
78	Toronto	69	XQU9RJC2@gmail.com
679	Gatineau	70	Q1JO5RZO@gmail.com
800	Quebec	68	4VK7WIJ5@gmail.com
868	Hamilton	72	FAFI0F4F@gmail.com
626	Quebec	69	EUC5WHDX@gmail.com
903	Montreal	71	ZHUMG7JU@gmail.com
950	Montreal	66	GJCLSV8S@gmail.com
886	London	67	34JCOCXW@gmail.com
747	Toronto	68	Y35RKTIA@gmail.com
710	Montreal	78	5J46JCQX@gmail.com
148	London	70	23V11XXG@gmail.com
545	Gatineau	72	MZ64XGY8@gmail.com
879	Toronto	65	RBK2XW58@gmail.com
865	Gatineau	75	F7X9B5JG@gmail.com
219	Gatineau	73	WZ6HS8TH@gmail.com
605	Gatineau	78	3CQNC17M@gmail.com
629	Montreal	78	U4MHFIFM@gmail.com
342	Montreal	71	5CSQTT3G@gmail.com
198	London	72	0M9S9XYJ@gmail.com
760	Ottawa	78	VFA8S3LF@gmail.com
426	Quebec	78	YCVAXV4Y@gmail.com
350	Quebec	76	TRPBEIIR@gmail.com
927	London	78	S71FDWYX@gmail.com
121	Quebec	68	YW2RBXP6@gmail.com
286	London	66	TRAPVDI0@gmail.com
278	Gatineau	75	NA2ONP74@gmail.com
801	Toronto	68	ZZD3MJ8G@gmail.com
179	Quebec	72	LJK84XPK@gmail.com
233	Gatineau	65	1AKGV80X@gmail.com
781	Quebec	75	YXCY7GEI@gmail.com
767	Montreal	67	GFM6MSBP@gmail.com
887	Montreal	74	9QJT0T5L@gmail.com
949	Gatineau	67	MKNVWP2S@gmail.com
213	Ottawa	65	HB782P66@gmail.com
947	London	74	BGCGAOXU@gmail.com
60	Toronto	66	0EZM7W3H@gmail.com
941	Ottawa	70	KSRYEGXN@gmail.com
74	Montreal	66	9CLF2LOD@gmail.com
345	Montreal	65	Y37XN7EE@gmail.com
354	Toronto	67	CSY2IGPC@gmail.com
690	Montreal	72	5SNEYYQB@gmail.com
177	Gatineau	72	IT9WM9ZA@gmail.com
361	Quebec	65	G6VZDD3C@gmail.com
23	Toronto	65	1VFZBJFN@gmail.com
590	Quebec	71	VCQMOBE5@gmail.com
963	Gatineau	65	IJ8IT4SS@gmail.com
422	London	77	GWWF49BM@gmail.com
575	Montreal	65	A8L77I02@gmail.com
210	Montreal	69	L2ZZLL41@gmail.com
86	Gatineau	76	DGF66JG8@gmail.com
115	Hamilton	70	INBXL6NV@gmail.com
965	Hamilton	67	HM9VLVC3@gmail.com
261	Ottawa	66	NNX8M7HT@gmail.com
566	Montreal	75	IPO2V4KY@gmail.com
982	London	70	E2RC31H9@gmail.com
844	Montreal	69	D2HWEQG0@gmail.com
16	Ottawa	70	G3G79661@gmail.com
622	Toronto	74	GO9L9UO7@gmail.com
516	Toronto	68	YU2EQFT9@gmail.com
799	Montreal	76	P9V2XR5W@gmail.com
449	Gatineau	76	JLSP0YMW@gmail.com
561	Montreal	70	W6JCNE1Q@gmail.com
754	London	66	GRZQWY0O@gmail.com
341	Toronto	72	WP71CCG7@gmail.com
188	Toronto	70	QBE50SUP@gmail.com
806	Toronto	69	HQ9GC557@gmail.com
30	London	76	WKKK6XKI@gmail.com
323	Montreal	68	63LPH9NY@gmail.com
91	Hamilton	67	OAEQ81UG@gmail.com
634	London	68	X0IL1RZK@gmail.com
534	Ottawa	66	6MAX6GSH@gmail.com
458	Toronto	71	O7E3RZHA@gmail.com
581	Ottawa	72	943ZK8CQ@gmail.com
68	Ottawa	72	24O68UU3@gmail.com
262	Hamilton	76	8ZHGQZ91@gmail.com
226	Gatineau	76	6TTYDFKD@gmail.com
96	Gatineau	74	89VPK16N@gmail.com
630	Quebec	74	Y5EETO2Z@gmail.com
896	Montreal	72	EQKTWB6V@gmail.com
694	Toronto	74	5TUHGJS3@gmail.com
396	Hamilton	68	NIKSWLBC@gmail.com
611	London	74	EDZH2JJ5@gmail.com
317	Gatineau	65	2O2UPHLT@gmail.com
674	Toronto	75	5XWIMPAO@gmail.com
152	Quebec	65	I6BOYVO3@gmail.com
63	London	67	BRAL17YJ@gmail.com
769	Hamilton	74	4KPRST1C@gmail.com
362	Ottawa	67	YD59BQGY@gmail.com
772	Gatineau	69	7VV519JB@gmail.com
266	Quebec	67	LMFG27JG@gmail.com
303	London	70	R418CGVA@gmail.com
975	Toronto	70	DTQPQQXB@gmail.com
309	Hamilton	71	NTC2ET10@gmail.com
829	Ottawa	77	V05ALX8G@gmail.com
866	Montreal	72	D6LGSSEI@gmail.com
411	London	76	MZZ73ID8@gmail.com
601	Hamilton	76	UYWYTW55@gmail.com
788	Hamilton	73	1Y4RFEFW@gmail.com
272	Quebec	71	QYDGG0H8@gmail.com
181	Gatineau	78	6VXOITEG@gmail.com
93	Hamilton	77	E1TS0JFP@gmail.com
945	Ottawa	72	L8Q2DRFS@gmail.com
486	Montreal	72	J5W02DQO@gmail.com
680	Toronto	73	890FUTDG@gmail.com
771	Hamilton	66	I1MS6IHG@gmail.com
716	Hamilton	66	P9MJZQDV@gmail.com
740	Ottawa	68	2AWV4O2M@gmail.com
731	Toronto	78	7NJXV9YE@gmail.com
206	Gatineau	69	RPBBQROD@gmail.com
45	Quebec	67	WTIMLRU1@gmail.com
614	London	71	DBH7Y8KB@gmail.com
465	Ottawa	75	6YT3I76A@gmail.com
969	Quebec	76	119NPXEV@gmail.com
948	London	66	FNMJWPVN@gmail.com
500	Ottawa	74	K04WXMCO@gmail.com
831	Toronto	75	PPTDVT4Y@gmail.com
507	London	71	LFQ8EXLT@gmail.com
332	Gatineau	69	FQN0SQIQ@gmail.com
268	Hamilton	69	34D14WDI@gmail.com
209	Quebec	76	Z65F36I9@gmail.com
596	Montreal	71	Q5KDULHR@gmail.com
746	Ottawa	77	K9QKUKGS@gmail.com
469	Ottawa	77	7RTXLRDE@gmail.com
651	Montreal	65	IH1LIXBI@gmail.com
279	Quebec	74	QAKIWYFN@gmail.com
353	London	68	82GBCB2A@gmail.com
815	Montreal	78	ZMFNDBI8@gmail.com
118	Montreal	73	LHO2BDOC@gmail.com
670	Montreal	69	Z7SM09ML@gmail.com
476	Hamilton	76	RBBTVPLK@gmail.com
721	London	75	WDDJ6UCA@gmail.com
921	Quebec	71	6HPGW3QV@gmail.com
723	Quebec	70	5WZTISMM@gmail.com
409	Montreal	72	68SQNO9V@gmail.com
703	Montreal	77	7V871WZC@gmail.com
893	London	68	HWMGNGBJ@gmail.com
164	Toronto	67	V7XCF3VO@gmail.com
525	Gatineau	70	GL7YSBYV@gmail.com
126	Quebec	77	0LMFNMNL@gmail.com
616	Hamilton	70	NIK61RN7@gmail.com
470	Quebec	78	ZZI8HZNO@gmail.com
258	Montreal	71	7CB2C766@gmail.com
783	London	67	Q4H7CN1K@gmail.com
641	Montreal	72	617F6SGL@gmail.com
467	Quebec	72	WCB0C4R7@gmail.com
17	Hamilton	69	CB7HCMVL@gmail.com
666	Gatineau	66	5NY598L9@gmail.com
997	Ottawa	71	Y3H4F8UT@gmail.com
170	Hamilton	71	JX49NK05@gmail.com
129	Montreal	78	QD6IDZ14@gmail.com
404	Ottawa	65	I9ZI7XSP@gmail.com
925	Hamilton	72	CONNEUU5@gmail.com
996	Montreal	69	YO3LXHC8@gmail.com
824	Hamilton	71	FUZ20IYP@gmail.com
223	Montreal	78	I2RTYUZG@gmail.com
860	Gatineau	65	0G4XD6QT@gmail.com
363	Quebec	75	SCP0J7VS@gmail.com
183	Toronto	77	L5KBC0SU@gmail.com
300	Montreal	70	W9WYHMS4@gmail.com
366	Gatineau	66	WR9ISUGP@gmail.com
340	Gatineau	68	G7N53WSX@gmail.com
237	Quebec	74	F68C948R@gmail.com
477	Montreal	68	A8B4XDIB@gmail.com
106	Quebec	70	X4JUK6D0@gmail.com
729	London	66	MDF48KVL@gmail.com
529	Hamilton	74	H028L5UD@gmail.com
318	London	69	2VIUAKY1@gmail.com
462	Toronto	74	W7SG1NW3@gmail.com
196	Toronto	71	DWLBKQJM@gmail.com
698	Gatineau	73	WOUQF8B4@gmail.com
176	Toronto	73	3EPQT3TF@gmail.com
592	Gatineau	71	5XYXPTZQ@gmail.com
665	Toronto	65	JMU2JT2J@gmail.com
20	Ottawa	67	GXH1KO05@gmail.com
689	London	67	NMWHAPUN@gmail.com
471	London	70	2ZLZIOD9@gmail.com
337	Hamilton	68	FRXH2VM2@gmail.com
67	Hamilton	70	QOZH8MW7@gmail.com
878	Gatineau	69	AMHDZQX6@gmail.com
149	London	76	F83TTZ7A@gmail.com
187	Montreal	70	HDM7CPBV@gmail.com
797	London	78	BETEZNLV@gmail.com
749	Montreal	66	C5DVKQDL@gmail.com
645	London	70	JDCYG98J@gmail.com
719	London	69	KEXVVPLJ@gmail.com
933	Ottawa	73	UDJVQQPU@gmail.com
302	Quebec	78	M4MUY9KB@gmail.com
832	Quebec	71	LDOFFUXS@gmail.com
966	Gatineau	75	O3BBWTLT@gmail.com
573	Gatineau	68	8ES4GHX3@gmail.com
306	Montreal	65	Q52WN88R@gmail.com
988	Montreal	77	N6EHYPE8@gmail.com
464	Hamilton	67	18P5ARKM@gmail.com
551	London	66	48VV3FFI@gmail.com
888	Toronto	76	U2PWCI15@gmail.com
959	Toronto	74	UN03VEQ1@gmail.com
727	Montreal	70	MJHV17Y7@gmail.com
546	Montreal	75	WDMEHM92@gmail.com
191	Quebec	75	GAIUG9Z5@gmail.com
618	Gatineau	76	2F3D2FNK@gmail.com
939	Quebec	70	4NVKRC5S@gmail.com
701	Quebec	66	ZJTWJWJ5@gmail.com
53	Montreal	78	8IUVK7L6@gmail.com
914	London	74	ZYJNDO2V@gmail.com
395	Ottawa	68	94WXO1D2@gmail.com
608	Montreal	78	NMF1G5C6@gmail.com
117	Ottawa	72	54VJXKGW@gmail.com
567	Gatineau	76	ANK2SMHU@gmail.com
809	Quebec	69	O51M0V6B@gmail.com
9	Toronto	69	92WNNH4B@gmail.com
926	Ottawa	72	R2IJBMP5@gmail.com
837	London	77	LE7P2TAD@gmail.com
240	Gatineau	66	KR94WN9K@gmail.com
758	Hamilton	66	HNUJNVOB@gmail.com
150	London	68	Q50U2AAV@gmail.com
158	Hamilton	75	29D7ZX12@gmail.com
89	Montreal	65	UTZJVTBV@gmail.com
289	Montreal	65	QUVLKJ13@gmail.com
269	Montreal	70	M55XZTCA@gmail.com
757	Ottawa	78	46D1YSQP@gmail.com
785	Quebec	71	7P2SIPSV@gmail.com
365	Gatineau	66	OA6F7WI2@gmail.com
928	London	77	WG7EA7WX@gmail.com
162	Toronto	72	VKVTD5X7@gmail.com
46	Ottawa	76	UPF8RK5Q@gmail.com
881	Toronto	70	UMYJGRWU@gmail.com
347	London	70	6ANT3H9B@gmail.com
753	London	70	L7AR7WMZ@gmail.com
386	London	69	YKEJXN6E@gmail.com
526	Gatineau	73	AUNZOSL9@gmail.com
669	Hamilton	72	GGZJ4U69@gmail.com
568	Gatineau	78	1PJWTBI3@gmail.com
638	Hamilton	75	8QVTX1L2@gmail.com
231	Montreal	74	YHT2SJDT@gmail.com
84	Quebec	67	2YE54K55@gmail.com
184	Toronto	72	J1J50MRK@gmail.com
784	Gatineau	72	TDO6F5HP@gmail.com
598	Hamilton	77	L8P1DJWP@gmail.com
867	Montreal	78	STYEVAUR@gmail.com
628	Gatineau	75	YCTXVF4G@gmail.com
185	Quebec	69	WTJF3ICH@gmail.com
582	Toronto	65	I8N718II@gmail.com
871	Gatineau	74	3NQO9P2U@gmail.com
423	Gatineau	75	JBC9USSE@gmail.com
403	Hamilton	69	M55VVIH4@gmail.com
541	Quebec	72	EKP9V372@gmail.com
910	Toronto	75	L9UA6IBL@gmail.com
791	Hamilton	74	NL0E6Q55@gmail.com
274	Gatineau	74	O0MBAPOE@gmail.com
707	Toronto	74	7XJ7R9FH@gmail.com
304	Hamilton	74	MBEEGH2A@gmail.com
623	Gatineau	76	0FO4G1TZ@gmail.com
548	Montreal	69	EPX2ERRN@gmail.com
496	Gatineau	76	6D3CNLZK@gmail.com
880	Montreal	70	ER2WUG88@gmail.com
968	Gatineau	69	DQVI00N8@gmail.com
621	Ottawa	67	9M01SSKE@gmail.com
190	London	78	ROPXSZJ3@gmail.com
918	Ottawa	78	XIOGGB8H@gmail.com
275	London	78	WDI76FB4@gmail.com
998	Hamilton	72	WO6SDWM9@gmail.com
383	Montreal	74	PHAESTRP@gmail.com
943	Ottawa	72	EX4GB2LW@gmail.com
589	Toronto	76	CVXUGG86@gmail.com
884	Toronto	69	EZ1601WQ@gmail.com
378	Quebec	68	VCMYDUFQ@gmail.com
338	London	76	BX1H7Y7E@gmail.com
448	Gatineau	68	DBASTR5B@gmail.com
36	Gatineau	73	X2LFVULB@gmail.com
672	Hamilton	67	RCUHI2GK@gmail.com
932	Toronto	66	4ABH2V61@gmail.com
765	Gatineau	74	L9IK8KRU@gmail.com
388	Quebec	67	8IBPWJ04@gmail.com
874	London	72	P8UNQ2CZ@gmail.com
537	Gatineau	74	PRDRUXYX@gmail.com
647	Hamilton	68	JZTQWPG2@gmail.com
904	Gatineau	71	U30PGYHB@gmail.com
870	Toronto	75	XQYP3YWK@gmail.com
715	Gatineau	69	JQPO79BZ@gmail.com
591	Gatineau	74	O29BD72O@gmail.com
632	London	78	ILKNBCTC@gmail.com
890	Quebec	76	SWHUQWJ9@gmail.com
733	Ottawa	69	M8QMBHED@gmail.com
33	London	77	BIXVE2CL@gmail.com
678	Ottawa	66	AEKXDFZ5@gmail.com
109	London	67	G9F0ZLP8@gmail.com
553	London	74	XOXL1X5H@gmail.com
538	Ottawa	68	A4C4FRHW@gmail.com
787	Montreal	75	DXDKLVVS@gmail.com
371	Hamilton	69	REF4KLCZ@gmail.com
440	Hamilton	69	RRGD3SY4@gmail.com
132	Quebec	75	ASSZFEQY@gmail.com
687	Toronto	74	UZUTQ6LX@gmail.com
989	Gatineau	65	MTQJ11SS@gmail.com
10	Hamilton	73	ALN6HAJ8@gmail.com
193	Toronto	67	MUN8RWR1@gmail.com
119	Ottawa	65	LER8YRXW@gmail.com
973	Quebec	78	FTQTR0LA@gmail.com
382	Ottawa	65	X4CYPIX0@gmail.com
344	Quebec	77	FR21OWO8@gmail.com
461	Ottawa	69	MWY3FJ5D@gmail.com
247	Quebec	75	V3Y4P5OZ@gmail.com
225	Gatineau	66	F1WDTG34@gmail.com
816	Quebec	69	V6DAZF24@gmail.com
108	London	65	GB0EHR8H@gmail.com
446	Montreal	68	OW5ZUDKA@gmail.com
877	Montreal	74	C86BHKUY@gmail.com
521	Toronto	78	8IAOWXH2@gmail.com
102	Hamilton	68	N93XFIYB@gmail.com
450	Hamilton	68	7HXXOMKD@gmail.com
165	Hamilton	70	S0KJAP6C@gmail.com
427	Ottawa	76	J0X6OMYL@gmail.com
291	Hamilton	77	J44BP3YE@gmail.com
734	Toronto	65	57WI8WNL@gmail.com
688	Montreal	73	SNJN483S@gmail.com
843	Gatineau	78	6DGMAA9O@gmail.com
485	Quebec	67	3UZY5757@gmail.com
79	Hamilton	70	UE5U3D6F@gmail.com
519	Ottawa	65	MA8CDPRF@gmail.com
72	Montreal	71	HIQSPOBD@gmail.com
946	Quebec	72	BNMKQM8Q@gmail.com
260	London	65	QEYIUVPH@gmail.com
563	Toronto	70	TIRER24G@gmail.com
648	Hamilton	73	69AXHC69@gmail.com
562	Gatineau	68	EGYGURX9@gmail.com
42	Toronto	75	XCE8SI3X@gmail.com
433	London	68	2LE0L5H8@gmail.com
646	Toronto	71	U3VXA7YI@gmail.com
823	Gatineau	68	7BWQ8XL3@gmail.com
748	London	67	OK6WSI17@gmail.com
1000	Gatineau	71	Q2G1SO0O@gmail.com
864	Quebec	72	G7VMFCUV@gmail.com
789	Ottawa	78	V16NDXN5@gmail.com
786	Hamilton	78	2ALC0ZS1@gmail.com
438	Toronto	77	9H3ZI7FP@gmail.com
324	Toronto	65	KLVEBR3Z@gmail.com
738	Montreal	67	EXPEYP2U@gmail.com
246	Toronto	71	901XYIZK@gmail.com
178	Quebec	75	SUXGA4UU@gmail.com
215	London	68	4FQGUPQC@gmail.com
373	London	69	2Q5GH6V4@gmail.com
455	Toronto	67	RHOW4WGH@gmail.com
501	Quebec	76	76UWPALK@gmail.com
466	Ottawa	68	6YC9C9WX@gmail.com
368	Toronto	72	2QLPLFVK@gmail.com
960	Hamilton	77	S45N1RUK@gmail.com
544	Hamilton	71	4GBKW0WB@gmail.com
583	Toronto	72	8QEN9QQB@gmail.com
255	London	66	KEKO5KY5@gmail.com
586	Toronto	75	NWSACJA1@gmail.com
683	Quebec	76	1Q3APLF3@gmail.com
775	Gatineau	67	Q202ZMAD@gmail.com
259	Ottawa	66	RXLIEBZ5@gmail.com
405	London	70	60GIU46L@gmail.com
578	Ottawa	69	MZUMBB2A@gmail.com
936	Hamilton	77	T2PRWD6L@gmail.com
619	Hamilton	66	QIJXJ4HX@gmail.com
652	Gatineau	72	03728JAQ@gmail.com
66	Toronto	72	4O80C42I@gmail.com
695	Montreal	71	9CEOY9D0@gmail.com
186	Quebec	68	2G0NAKHK@gmail.com
662	Montreal	76	IB40W45X@gmail.com
436	Hamilton	77	IO6FI4G0@gmail.com
607	Ottawa	76	26SCSBF5@gmail.com
603	Gatineau	77	TWW85BKJ@gmail.com
897	Toronto	67	ESL8K6XR@gmail.com
326	Hamilton	76	FVK3R0KX@gmail.com
389	Gatineau	68	63CQDRJ4@gmail.com
425	London	73	D671LXT1@gmail.com
228	Ottawa	65	1G5MZMX4@gmail.com
123	London	67	PPPBVFCY@gmail.com
826	Hamilton	73	531QKOX9@gmail.com
290	Hamilton	67	AF7LR310@gmail.com
750	London	77	HSS06MCS@gmail.com
483	Montreal	75	11UC39N9@gmail.com
173	Montreal	67	J2TAWJDQ@gmail.com
820	London	67	TEFGGP5P@gmail.com
58	Hamilton	67	MDVQJXIR@gmail.com
889	Quebec	75	F0BNB69C@gmail.com
439	Ottawa	69	A6HNB77M@gmail.com
804	London	75	F2ATP09I@gmail.com
120	Gatineau	65	39TQ3VDT@gmail.com
755	Montreal	78	AH6QKM72@gmail.com
39	Ottawa	72	JYSGJLYF@gmail.com
825	Montreal	66	7FY9EW6R@gmail.com
136	Gatineau	76	XU0GPF72@gmail.com
463	Hamilton	65	1J7VY5F6@gmail.com
101	Montreal	70	Z0SE4L0Y@gmail.com
443	Ottawa	73	TRYV8VAE@gmail.com
38	Ottawa	76	9WIIJK7N@gmail.com
28	London	65	LH3OMOBI@gmail.com
249	Ottawa	76	VF9RT2OO@gmail.com
620	London	68	P7M37VU0@gmail.com
104	Ottawa	73	5SPGUXM8@gmail.com
649	Montreal	72	9W28QYFF@gmail.com
377	Montreal	77	7B2386NC@gmail.com
600	Quebec	73	JMG2P70M@gmail.com
24	Hamilton	76	9LTFDQZR@gmail.com
267	Montreal	71	GJ9FE5RM@gmail.com
441	Toronto	66	RAMVBST4@gmail.com
511	Ottawa	65	W6N000GZ@gmail.com
484	Quebec	78	0QFFVN90@gmail.com
305	Montreal	70	ZN6WGGEI@gmail.com
659	London	69	NNDXTGIS@gmail.com
236	Gatineau	65	U0GCRTD6@gmail.com
894	Montreal	69	3N4FP9YE@gmail.com
287	Quebec	74	ZQ2JPJUP@gmail.com
99	Toronto	74	0NMJEFIY@gmail.com
15	Montreal	68	SAD9RLW3@gmail.com
774	Quebec	70	219GYKK7@gmail.com
280	Montreal	66	GLKNEAFQ@gmail.com
418	Quebec	77	QUWKMA58@gmail.com
883	Montreal	68	QVAEA2QG@gmail.com
957	Gatineau	70	07153Z2H@gmail.com
514	Gatineau	66	HAVAR43E@gmail.com
71	London	70	WQXUXJV9@gmail.com
195	Gatineau	78	BVVH2PSQ@gmail.com
19	Ottawa	67	62IFL11H@gmail.com
94	Gatineau	69	5UO4J6O8@gmail.com
967	Gatineau	76	0Y85NU2Q@gmail.com
850	Hamilton	77	EOQT6CNN@gmail.com
981	Ottawa	75	COJK02J1@gmail.com
709	Toronto	76	44O8CDC4@gmail.com
691	London	75	IMGZS7HK@gmail.com
495	Gatineau	67	ZDMR7IDX@gmail.com
478	Quebec	73	PVBJ372L@gmail.com
194	Ottawa	77	QKRAB9OJ@gmail.com
576	Ottawa	70	AHDMFMKX@gmail.com
673	Ottawa	76	HEEQ5DQW@gmail.com
931	Ottawa	71	7QML89R9@gmail.com
62	London	65	SEUF5Z4T@gmail.com
205	Quebec	65	9E9MKKAQ@gmail.com
144	Ottawa	67	Q3ZP43LG@gmail.com
432	Hamilton	71	JM3NPPKR@gmail.com
991	Toronto	66	MVUBCKXH@gmail.com
987	London	67	3ZMENHJK@gmail.com
610	Toronto	73	155U5BY6@gmail.com
684	Gatineau	72	4JSTU6MZ@gmail.com
56	London	70	PMMQVI55@gmail.com
415	Gatineau	70	NJ32RIHE@gmail.com
637	Quebec	73	O7RRUHCN@gmail.com
606	London	71	0WWXJEO6@gmail.com
556	Hamilton	74	HPANVPSX@gmail.com
451	Gatineau	67	FHXC5N64@gmail.com
599	Quebec	66	HBCF1M5K@gmail.com
370	Quebec	68	P3VVMCLH@gmail.com
724	Gatineau	67	50S495QF@gmail.com
239	Ottawa	72	G0CLEWG5@gmail.com
542	Gatineau	70	WGBEBBOX@gmail.com
416	Toronto	66	DCD83RBJ@gmail.com
61	Ottawa	76	4TQT3ZH6@gmail.com
428	London	65	H74DL4TG@gmail.com
838	Ottawa	66	LZJFR84K@gmail.com
490	Quebec	74	I26OK34V@gmail.com
111	Toronto	78	AXIL4XI3@gmail.com
156	Toronto	72	IC2FT815@gmail.com
288	Gatineau	73	BJO0Z0CX@gmail.com
705	Ottawa	70	XZRMQEV9@gmail.com
307	Montreal	65	F8XWLDQY@gmail.com
245	Montreal	71	XJP4FWRX@gmail.com
316	London	68	Q3QS6I5C@gmail.com
474	Montreal	78	VXR2GQGV@gmail.com
776	London	70	JLN3588E@gmail.com
905	Hamilton	72	CYH72N26@gmail.com
593	Gatineau	65	TEZV9W7E@gmail.com
540	Quebec	78	SFWWW391@gmail.com
88	London	69	LAP4E1TY@gmail.com
564	Hamilton	78	6B10JXXE@gmail.com
293	Quebec	73	BZX3NN8O@gmail.com
664	Ottawa	71	9RXB4T9W@gmail.com
718	Ottawa	77	5DQZNCDR@gmail.com
284	Gatineau	68	P0HTMNMR@gmail.com
235	Ottawa	65	Z8JC3R2Q@gmail.com
34	Gatineau	78	8ZQTJ5HO@gmail.com
790	Quebec	77	LEATSCE9@gmail.com
990	Hamilton	77	PGOKHOTY@gmail.com
869	Ottawa	72	A3INXPKH@gmail.com
770	Toronto	74	4RQDFCCL@gmail.com
895	Quebec	72	A7HF2UFO@gmail.com
216	Quebec	77	8G0J2I2S@gmail.com
41	Montreal	65	VSZCROXO@gmail.com
612	Montreal	66	U54XMWX1@gmail.com
565	Ottawa	66	OXSBNXYJ@gmail.com
976	Hamilton	67	XLORR05S@gmail.com
726	Toronto	77	NC3VZVEF@gmail.com
391	Toronto	77	FWACYIU1@gmail.com
52	London	72	6L64GEWM@gmail.com
44	Ottawa	66	IDSYXLAT@gmail.com
818	Toronto	73	BBJ0C3WG@gmail.com
520	Gatineau	78	NR061454@gmail.com
778	Ottawa	66	4BHLUKDT@gmail.com
722	London	71	ATPJ04KU@gmail.com
849	London	75	D2EU0XS8@gmail.com
697	Ottawa	73	G47G44ZL@gmail.com
842	Quebec	74	4ZRSFECC@gmail.com
840	Ottawa	73	AGAAZSNG@gmail.com
833	London	72	62JS868O@gmail.com
814	Hamilton	68	7K7YNB6B@gmail.com
384	Hamilton	65	4HWFLH3Z@gmail.com
18	Hamilton	76	YO3JDDN9@gmail.com
2	Hamilton	72	4JOP6TCT@gmail.com
199	Gatineau	66	YMRLLHEY@gmail.com
253	Quebec	72	IFITOVXW@gmail.com
558	Hamilton	78	MN7D96VG@gmail.com
863	Ottawa	76	B0X1NMGT@gmail.com
518	London	69	2CVFAQ7W@gmail.com
105	Montreal	65	9ZXT2DWT@gmail.com
916	Gatineau	78	U8R1S4FT@gmail.com
292	Quebec	74	3T7HEOUD@gmail.com
795	Hamilton	72	8WH8IBXD@gmail.com
3	Toronto	70	6UA8BKF7@gmail.com
792	Quebec	67	BNL6WHF2@gmail.com
481	Quebec	65	JMS56PUI@gmail.com
819	Gatineau	74	VVML3D72@gmail.com
779	Gatineau	74	1IBUN0CP@gmail.com
135	London	76	MV7G93T3@gmail.com
761	Ottawa	76	BU4BVGSK@gmail.com
392	Hamilton	69	TAOTN0MR@gmail.com
574	Hamilton	66	399BQUON@gmail.com
359	Ottawa	66	OEFDO51X@gmail.com
25	Quebec	78	M75SC4ZM@gmail.com
528	Hamilton	67	22GFVM8E@gmail.com
861	London	73	CZHJZ055@gmail.com
5	Montreal	69	LZ5YAD1E@gmail.com
961	Montreal	65	VXOFM2YS@gmail.com
751	Quebec	68	QIO3ZR37@gmail.com
454	Quebec	76	ZT0BQV6S@gmail.com
412	Gatineau	78	S8TME1ZR@gmail.com
615	London	74	V7RHELLL@gmail.com
577	Hamilton	74	AU0BUZ12@gmail.com
488	London	65	1FNRWLEW@gmail.com
952	London	68	Q1J5PUKL@gmail.com
73	Quebec	72	2F4EXAO9@gmail.com
154	Gatineau	75	9Q0YN202@gmail.com
113	Gatineau	66	T9U451QQ@gmail.com
902	Montreal	70	WBI7HDLD@gmail.com
557	Montreal	76	ZO6NHSLR@gmail.com
189	Montreal	69	UT6P40SV@gmail.com
636	Ottawa	68	ZWPON6NZ@gmail.com
923	Quebec	67	5MTQI6FS@gmail.com
497	Ottawa	77	0E6KEMW4@gmail.com
480	Quebec	70	WH61BIUA@gmail.com
517	Hamilton	70	8Q0S2JN3@gmail.com
327	Quebec	67	78ITBWPA@gmail.com
656	Quebec	69	G5CN876L@gmail.com
394	Gatineau	74	SXZJKQO1@gmail.com
794	London	66	YL8HB3QL@gmail.com
527	Gatineau	73	45IJO1R9@gmail.com
92	Montreal	74	9S2RUXX6@gmail.com
197	Gatineau	69	W6WN8MCH@gmail.com
807	Hamilton	77	HMOPIWM3@gmail.com
857	Ottawa	69	UK8Z1F6B@gmail.com
654	London	69	0N5ZRI2S@gmail.com
232	Gatineau	73	BL9R9UG7@gmail.com
872	Gatineau	73	HO6WRVSQ@gmail.com
813	Toronto	72	K0HNZ2VB@gmail.com
1	Montreal	68	GDHAG2V4@gmail.com
435	Ottawa	69	8CF1PUZY@gmail.com
151	Montreal	66	SA490O6F@gmail.com
229	Hamilton	77	F8O9AZZR@gmail.com
812	Gatineau	72	L42NYDL4@gmail.com
125	London	73	BVOPMZTB@gmail.com
330	Toronto	78	7WG9BL1G@gmail.com
743	Gatineau	65	SZ5ZEBH5@gmail.com
661	Gatineau	66	1OCADY8B@gmail.com
100	Toronto	78	NX49ST2L@gmail.com
252	Toronto	70	ITRNYWBY@gmail.com
430	Montreal	73	7O1VY4Y6@gmail.com
992	Toronto	73	PQ5KP1BD@gmail.com
487	Quebec	77	C3BU106W@gmail.com
97	Ottawa	69	4YJV4GCT@gmail.com
725	Quebec	77	98WOMTEA@gmail.com
503	London	76	NK1BBJM2@gmail.com
956	Toronto	73	4S01RX6I@gmail.com
273	Toronto	69	3L4Z2ZE2@gmail.com
161	Toronto	71	38D7BX4R@gmail.com
875	Hamilton	76	U0C4VHZB@gmail.com
919	Quebec	68	00IWH80V@gmail.com
202	Toronto	77	3G2RC0ZE@gmail.com
971	Montreal	70	QGQ1CPO8@gmail.com
580	Montreal	73	KXU2MFDC@gmail.com
587	London	78	70A9KY11@gmail.com
251	Toronto	71	T45PU0P8@gmail.com
130	Montreal	75	S9W6C8E1@gmail.com
530	Ottawa	70	BV0DFQ09@gmail.com
852	Quebec	65	WXGV8WPG@gmail.com
406	Toronto	71	RFG6IAF9@gmail.com
145	Montreal	68	7K9MQ3VL@gmail.com
168	Gatineau	71	TE7YP7FV@gmail.com
311	Ottawa	73	EFK7SKNQ@gmail.com
657	Toronto	74	KUXI4G0X@gmail.com
171	Ottawa	73	WV6OIMS1@gmail.com
320	Quebec	75	6MHCDAB0@gmail.com
635	Montreal	67	GAL712KT@gmail.com
419	Quebec	67	TXZH6ECO@gmail.com
909	Gatineau	71	LH26F1YB@gmail.com
479	Montreal	76	ZACWJ1DT@gmail.com
379	London	75	N6GE79X4@gmail.com
929	Ottawa	71	P64KGS0Y@gmail.com
912	London	77	GI86DNG4@gmail.com
321	Hamilton	74	CYNZ3YE8@gmail.com
385	Ottawa	66	U9AIX7HT@gmail.com
980	Ottawa	70	W2P23IAD@gmail.com
862	Hamilton	72	QK36L39Y@gmail.com
802	London	65	FBGQBZQS@gmail.com
